adrid,adr_info
BADD_A00003,07.07.03.001;12.02.03.006
BADD_A00004,07.01.06.001
BADD_A00005,07.01.04.001
BADD_A00008,07.01.05.002
BADD_A00009,07.01.05.010
BADD_A00010,07.01.05.003
BADD_A00011,07.01.05.011
BADD_A00012,07.01.05.004
BADD_A00015,17.15.02.001;19.02.03.001
BADD_A00016,07.01.03.001
BADD_A00020,06.01.01.001
BADD_A00022,14.03.02.010
BADD_A00028,18.01.01.001
BADD_A00032,18.01.01.002
BADD_A00035,18.01.04.001
BADD_A00037,11.01.08.001
BADD_A00049,06.02.04.001
BADD_A00053,14.01.03.002
BADD_A00055,23.02.01.001
BADD_A00066,23.01.06.001
BADD_A00069,13.01.02.001
BADD_A00071,07.01.06.015
BADD_A00074,01.02.01.006;23.03.03.033
BADD_A00075,09.01.03.001
BADD_A00076,01.10.02.001;16.01.02.001
BADD_A00077,01.10.01.001;16.01.01.001
BADD_A00078,01.10.05.001;16.01.05.001
BADD_A00079,02.02.02.001;24.04.04.001
BADD_A00082,01.10.05.003;16.01.05.003
BADD_A00083,19.03.01.001
BADD_A00084,02.05.02.004;22.01.03.005
BADD_A00085,10.02.01.067;22.01.03.001;24.03.02.034
BADD_A00086,14.01.04.004;22.02.06.001
BADD_A00091,16.16.01.004
BADD_A00104,05.01.03.001
BADD_A00108,05.01.02.001;14.11.01.004
BADD_A00119,19.04.04.001
BADD_A00122,07.14.03.003;17.02.07.001
BADD_A00123,19.05.01.001
BADD_A00124,17.02.05.012;19.06.02.001
BADD_A00127,01.02.03.001
BADD_A00129,17.01.02.002;19.06.02.006
BADD_A00130,17.01.02.003
BADD_A00131,13.03.04.002
BADD_A00134,13.03.04.005
BADD_A00138,20.02.01.001
BADD_A00140,19.07.06.001
BADD_A00141,14.02.01.001
BADD_A00145,19.07.06.006
BADD_A00152,23.02.02.001
BADD_A00155,17.02.04.001;19.07.01.003
BADD_A00157,22.01.01.001
BADD_A00160,06.02.10.001
BADD_A00162,06.02.01.001
BADD_A00164,05.05.01.002;21.01.02.001
BADD_A00167,17.03.02.001;19.20.01.001
BADD_A00174,13.05.01.009
BADD_A00177,17.05.05.004
BADD_A00178,01.03.02.001
BADD_A00184,01.03.02.002;14.12.01.002
BADD_A00185,01.03.02.003;14.12.01.003
BADD_A00206,07.03.01.002
BADD_A00207,07.11.05.002
BADD_A00211,10.01.07.001;24.06.03.006
BADD_A00212,10.01.07.002;24.06.02.004
BADD_A00213,10.01.07.003;24.06.03.007
BADD_A00223,24.02.01.001
BADD_A00227,19.04.02.001
BADD_A00228,02.02.02.002;24.04.04.002
BADD_A00229,02.02.02.004;24.04.04.004
BADD_A00232,10.01.05.009;22.04.02.008;23.04.01.001
BADD_A00238,06.03.01.001
BADD_A00240,19.15.02.007
BADD_A00247,10.04.04.004;15.01.09.001
BADD_A00250,07.03.01.001
BADD_A00252,19.08.01.001
BADD_A00253,17.04.04.001;22.04.03.006
BADD_A00266,17.05.01.001
BADD_A00270,19.05.01.010
BADD_A00272,20.01.03.002
BADD_A00273,19.06.02.002
BADD_A00276,24.02.03.001
BADD_A00279,24.02.03.002
BADD_A00284,24.04.01.001
BADD_A00287,02.07.03.001
BADD_A00289,02.07.03.004
BADD_A00290,19.04.04.002
BADD_A00293,17.02.03.001;19.21.01.001
BADD_A00294,17.02.08.009;19.19.01.002;22.12.03.001
BADD_A00295,07.05.06.002
BADD_A00298,01.03.03.001;10.02.01.003
BADD_A00299,01.03.03.002
BADD_A00300,22.02.01.001
BADD_A00308,08.02.01.001;12.07.01.001;23.03.06.005
BADD_A00309,08.02.01.003;12.07.01.003
BADD_A00312,08.02.01.004;12.07.01.004
BADD_A00313,08.02.01.005;12.07.01.005;23.03.12.004
BADD_A00314,08.02.01.016;12.07.01.016;23.03.13.008
BADD_A00315,08.02.01.006;12.07.01.006
BADD_A00319,17.02.03.002;19.21.01.002
BADD_A00321,12.02.04.002;17.06.01.001
BADD_A00322,17.02.01.001
BADD_A00323,02.03.02.001
BADD_A00324,02.03.03.001
BADD_A00330,24.01.01.002
BADD_A00333,24.04.02.001
BADD_A00334,02.02.01.011;24.04.04.012
BADD_A00336,02.02.02.005;12.02.01.031;24.04.04.005
BADD_A00338,24.12.02.001
BADD_A00340,15.01.02.001
BADD_A00341,15.01.01.001
BADD_A00343,15.01.01.003
BADD_A00347,02.05.04.002;07.07.01.001;09.01.05.003
BADD_A00349,13.03.04.008
BADD_A00352,13.03.04.011
BADD_A00357,12.01.08.011;22.02.02.001
BADD_A00358,22.02.07.007
BADD_A00361,09.01.03.004;17.01.06.001
BADD_A00362,08.01.01.001
BADD_A00364,06.01.01.002
BADD_A00365,10.01.03.010;22.03.01.002
BADD_A00367,08.01.02.004;17.02.02.001
BADD_A00368,22.01.02.001
BADD_A00372,02.03.03.002
BADD_A00373,02.03.03.003
BADD_A00375,02.03.03.004
BADD_A00376,02.03.01.002
BADD_A00377,02.03.01.003
BADD_A00378,02.03.01.004
BADD_A00379,02.03.01.005
BADD_A00381,08.03.04.001
BADD_A00386,04.02.03.002
BADD_A00389,17.02.07.011
BADD_A00398,09.01.07.019;10.04.09.001
BADD_A00402,08.01.01.010;17.05.01.011;24.06.01.005
BADD_A00405,21.03.03.001
BADD_A00406,20.01.01.001
BADD_A00407,01.15.01.001;16.28.01.001
BADD_A00411,15.03.05.003
BADD_A00413,15.03.04.005
BADD_A00414,11.01.11.001
BADD_A00423,21.09.03.001
BADD_A00424,07.11.03.002
BADD_A00426,16.03.02.001;23.08.02.001
BADD_A00441,21.04.02.001
BADD_A00446,09.04.02.001;16.07.01.001
BADD_A00450,09.02.02.003
BADD_A00451,09.02.01.001
BADD_A00456,19.09.01.001
BADD_A00461,19.16.01.002
BADD_A00464,16.08.01.001;20.03.04.001
BADD_A00466,20.03.01.007
BADD_A00475,16.08.03.002;20.03.04.002
BADD_A00477,20.02.02.001
BADD_A00483,13.01.02.002
BADD_A00485,06.04.04.001;23.03.04.012
BADD_A00487,06.05.01.001;17.17.02.001
BADD_A00489,06.02.10.003;17.17.01.003
BADD_A00492,06.02.10.004;17.17.01.017
BADD_A00494,06.02.10.006;17.17.01.004
BADD_A00495,06.02.10.007;17.17.01.016
BADD_A00496,12.01.06.002;23.03.01.001
BADD_A00499,13.09.01.001
BADD_A00502,13.04.02.010
BADD_A00511,13.03.04.015
BADD_A00512,13.03.04.018
BADD_A00519,13.11.01.002
BADD_A00520,13.11.01.003
BADD_A00527,13.12.01.002
BADD_A00532,13.13.01.001
BADD_A00535,13.04.01.001
BADD_A00538,13.13.01.020
BADD_A00541,13.13.01.004
BADD_A00555,13.02.02.001
BADD_A00557,13.02.02.002
BADD_A00573,13.04.02.002
BADD_A00588,13.11.01.010
BADD_A00589,13.11.01.011
BADD_A00592,13.14.03.002
BADD_A00598,24.06.01.002
BADD_A00599,13.14.03.005
BADD_A00606,13.10.03.002
BADD_A00609,13.11.01.012
BADD_A00621,13.12.03.001
BADD_A00625,13.13.01.006
BADD_A00629,13.02.04.001
BADD_A00637,13.15.01.010
BADD_A00638,13.15.01.001
BADD_A00645,15.02.04.004
BADD_A00651,15.02.01.001
BADD_A00659,02.03.02.002
BADD_A00661,17.01.02.004
BADD_A00662,22.02.01.002
BADD_A00670,17.08.01.024;24.04.06.014
BADD_A00673,16.10.01.001;21.05.01.003
BADD_A00675,16.14.01.004;21.05.01.006
BADD_A00676,21.05.05.001
BADD_A00681,18.08.02.001;21.05.05.002
BADD_A00682,21.05.04.001
BADD_A00683,26.05.01.001
BADD_A00690,21.05.04.002
BADD_A00691,16.10.02.001;21.05.01.004
BADD_A00700,21.05.05.003
BADD_A00701,21.05.05.008
BADD_A00702,21.05.05.004
BADD_A00704,07.01.06.002
BADD_A00711,22.03.01.013
BADD_A00712,22.03.02.005
BADD_A00714,11.01.09.001;22.07.01.001
BADD_A00720,10.01.03.012;22.03.01.004
BADD_A00725,07.01.06.008;19.11.03.001
BADD_A00731,02.03.01.009
BADD_A00732,02.03.01.007
BADD_A00733,02.03.01.011
BADD_A00737,08.01.09.029;17.02.06.001
BADD_A00739,12.04.03.010;15.04.01.001
BADD_A00741,08.01.01.009;14.03.02.001;16.32.03.011
BADD_A00743,08.03.04.002
BADD_A00749,20.04.03.002
BADD_A00753,08.01.07.012;24.06.03.001
BADD_A00767,02.03.04.001
BADD_A00773,02.05.01.001
BADD_A00774,02.05.01.005
BADD_A00775,02.05.01.002
BADD_A00784,13.14.01.001
BADD_A00792,02.06.01.001
BADD_A00793,02.03.04.002;22.02.06.007
BADD_A00794,02.05.01.003;24.06.02.006
BADD_A00795,02.04.02.001
BADD_A00797,02.04.01.001
BADD_A00799,02.11.01.010;24.03.02.009
BADD_A00804,17.08.02.001;24.04.06.001
BADD_A00806,17.09.02.001
BADD_A00809,06.06.01.001
BADD_A00813,06.06.01.002
BADD_A00816,19.11.01.001
BADD_A00824,11.02.01.001;23.11.02.004
BADD_A00838,17.08.01.013;24.04.06.007
BADD_A00839,17.02.02.002
BADD_A00841,17.08.01.001;24.01.04.001
BADD_A00843,17.11.01.001
BADD_A00844,17.08.01.003;24.07.04.001
BADD_A00845,17.08.01.004;24.04.06.002
BADD_A00846,17.08.01.005;24.04.06.003
BADD_A00848,17.08.01.006;24.01.04.003
BADD_A00849,17.08.03.002;24.01.04.005
BADD_A00852,17.08.01.007;24.03.05.001
BADD_A00856,17.08.02.002;24.03.05.002
BADD_A00862,21.06.01.002
BADD_A00870,16.12.01.001;21.06.02.001
BADD_A00875,07.02.03.002
BADD_A00877,07.05.01.001;23.03.03.025
BADD_A00883,02.02.02.009;08.01.08.019;22.12.02.002
BADD_A00884,02.02.02.011;08.01.08.002;22.12.02.003
BADD_A00889,08.01.09.001;15.05.03.016
BADD_A00892,18.08.02.002;23.05.01.001
BADD_A00895,22.12.03.003
BADD_A00896,19.01.02.002;22.12.03.004
BADD_A00897,09.04.02.009;16.07.01.002
BADD_A00898,09.02.01.002
BADD_A00901,09.03.01.001
BADD_A00902,09.03.01.003
BADD_A00904,09.03.01.004
BADD_A00905,09.03.01.002
BADD_A00906,09.01.01.001
BADD_A00909,17.05.01.002
BADD_A00913,17.01.01.001
BADD_A00915,17.01.01.003
BADD_A00922,06.02.05.001
BADD_A00923,20.02.01.002
BADD_A00932,01.10.06.001;16.01.06.001
BADD_A00933,01.10.07.001;16.01.07.001
BADD_A00935,22.03.01.007
BADD_A00940,24.06.02.001
BADD_A00950,17.02.05.002
BADD_A00952,07.19.01.004;11.02.02.004
BADD_A00954,17.01.02.005
BADD_A00963,01.01.02.001
BADD_A00970,15.05.04.006;17.01.05.001
BADD_A00971,08.01.03.024;23.02.03.002
BADD_A00972,07.08.01.001
BADD_A00974,07.08.01.004;24.04.08.012
BADD_A00975,07.08.01.005;10.02.01.004
BADD_A00978,07.21.01.001;16.13.01.001
BADD_A00985,17.02.09.001
BADD_A00986,09.01.03.005;17.02.09.002
BADD_A00989,15.05.05.005;24.04.05.006
BADD_A00990,08.04.01.010;19.12.01.001
BADD_A01003,08.01.03.004
BADD_A01007,02.03.01.008
BADD_A01009,17.02.03.005;19.13.01.001
BADD_A01016,03.02.01.001
BADD_A01048,06.07.01.001;24.07.05.001
BADD_A01051,06.04.01.001
BADD_A01055,06.04.01.002;11.01.06.012
BADD_A01056,06.04.01.003;10.01.04.002
BADD_A01059,07.02.02.001
BADD_A01065,19.24.01.001
BADD_A01071,17.02.02.004
BADD_A01078,06.06.03.002
BADD_A01082,06.06.03.003
BADD_A01087,06.04.02.001
BADD_A01088,06.06.03.005
BADD_A01095,02.02.01.001;24.04.04.006
BADD_A01099,02.02.01.006;12.02.01.036;24.04.04.013
BADD_A01100,02.02.01.010;12.02.01.037;24.04.04.017
BADD_A01101,02.02.01.007;24.01.05.002
BADD_A01105,22.02.03.001
BADD_A01114,13.13.01.013
BADD_A01115,08.01.03.006
BADD_A01117,07.08.01.015;10.02.01.005
BADD_A01119,08.01.03.005;12.02.11.001;17.02.05.013;19.04.02.002
BADD_A01126,20.02.01.003
BADD_A01130,05.01.01.001;14.11.01.007;19.07.03.002;24.08.04.001
BADD_A01131,05.01.01.002;14.11.01.006;19.07.03.001;24.08.02.004
BADD_A01133,10.02.02.003;23.06.02.001;24.12.04.008
BADD_A01135,02.11.04.004;22.02.02.007;23.06.04.005;24.03.01.007
BADD_A01139,08.03.05.001;16.02.02.002
BADD_A01142,11.01.14.001;20.03.02.002
BADD_A01143,20.03.02.003
BADD_A01156,04.02.01.001
BADD_A01158,04.02.01.002;17.04.07.001
BADD_A01161,08.04.01.001
BADD_A01163,08.04.01.002;18.04.01.002
BADD_A01164,08.01.01.006;19.11.01.002
BADD_A01166,10.02.01.041
BADD_A01167,19.15.02.004
BADD_A01169,23.03.11.006
BADD_A01170,07.02.04.001
BADD_A01174,14.05.05.001
BADD_A01178,19.13.02.001
BADD_A01182,19.10.01.001
BADD_A01187,17.03.01.001;19.20.02.001
BADD_A01189,17.03.06.001;19.20.03.001
BADD_A01194,17.16.02.001
BADD_A01196,07.09.01.001
BADD_A01202,19.07.06.008
BADD_A01205,17.02.04.002
BADD_A01206,19.15.02.001
BADD_A01208,19.15.01.001
BADD_A01209,19.15.01.004
BADD_A01211,19.10.05.004
BADD_A01213,16.26.02.001;23.10.02.001
BADD_A01214,23.03.04.002
BADD_A01215,23.02.01.004
BADD_A01216,10.01.03.014;23.03.04.003
BADD_A01219,10.01.04.004;23.03.04.016
BADD_A01220,23.03.01.002
BADD_A01221,10.01.01.003;12.03.01.040;23.03.04.004
BADD_A01223,10.01.01.004;23.03.07.001
BADD_A01225,10.04.04.027;15.05.01.002;23.03.02.001
BADD_A01229,08.01.03.037;19.07.05.003
BADD_A01237,05.03.03.004;14.05.07.003
BADD_A01238,05.06.01.001;14.06.01.001
BADD_A01240,05.06.01.004;14.06.01.004
BADD_A01252,05.07.03.001;14.07.03.001
BADD_A01253,05.07.04.003;14.07.04.003;17.09.04.002
BADD_A01255,05.07.01.002;06.10.02.002;14.07.01.002;24.03.07.004
BADD_A01261,07.02.01.001
BADD_A01263,07.02.01.002;24.07.02.004
BADD_A01269,01.15.02.001;16.28.02.001
BADD_A01273,02.04.02.026
BADD_A01274,17.01.04.015
BADD_A01275,06.02.06.002;17.17.01.005
BADD_A01277,08.01.08.003
BADD_A01278,19.05.01.002
BADD_A01302,17.02.05.015;19.13.01.002
BADD_A01304,01.01.02.002;24.01.01.010
BADD_A01306,19.14.01.002
BADD_A01311,17.03.03.001;19.21.02.002
BADD_A01318,07.10.02.001;11.01.07.003
BADD_A01320,07.10.01.001
BADD_A01321,07.10.01.002
BADD_A01322,02.11.04.006;17.02.05.003;24.06.02.007
BADD_A01324,02.11.04.008;17.02.05.004;24.06.02.008
BADD_A01326,17.02.05.005
BADD_A01327,19.07.06.010
BADD_A01328,19.07.06.011
BADD_A01332,08.01.06.015;10.01.01.005;23.03.05.001
BADD_A01333,10.01.01.001
BADD_A01334,08.06.01.006
BADD_A01335,08.06.03.001
BADD_A01340,08.06.02.003;17.12.03.016
BADD_A01341,08.06.02.004;19.07.06.013
BADD_A01342,08.06.02.008;18.04.13.001;19.07.06.014
BADD_A01343,06.08.02.001
BADD_A01344,07.06.01.002
BADD_A01345,23.03.03.001
BADD_A01346,07.06.01.005;22.12.03.005
BADD_A01350,07.04.02.002
BADD_A01351,07.04.02.004;24.07.02.020
BADD_A01352,07.04.02.003
BADD_A01354,07.08.03.001
BADD_A01358,17.02.06.003;23.03.03.077
BADD_A01359,17.02.08.001;19.19.03.001
BADD_A01361,07.14.03.001;17.02.07.003
BADD_A01363,17.01.02.006
BADD_A01366,21.01.01.002
BADD_A01367,17.02.02.005
BADD_A01368,19.08.05.004;21.03.02.016
BADD_A01369,07.01.02.001
BADD_A01371,07.01.06.003
BADD_A01372,17.02.08.004;19.19.03.002;22.12.03.006
BADD_A01373,19.04.02.004
BADD_A01374,02.11.05.003;22.02.01.004
BADD_A01375,02.11.05.004;22.02.01.025
BADD_A01376,02.11.05.005;22.02.01.005
BADD_A01381,17.01.03.001
BADD_A01383,20.02.02.002
BADD_A01386,04.03.01.001
BADD_A01387,04.03.01.002;12.01.14.004;24.07.01.004
BADD_A01388,04.03.01.006;11.01.05.001
BADD_A01391,04.03.01.003
BADD_A01392,04.03.01.014
BADD_A01393,14.03.01.008;19.09.01.008
BADD_A01396,01.01.03.001;23.06.01.001;24.07.06.002
BADD_A01405,18.02.02.002
BADD_A01408,23.03.04.006
BADD_A01413,21.03.01.001
BADD_A01414,21.03.01.002
BADD_A01415,21.03.01.003
BADD_A01419,13.14.05.001
BADD_A01426,13.14.05.004
BADD_A01430,13.14.05.005
BADD_A01433,13.14.05.007
BADD_A01434,13.07.03.001
BADD_A01437,14.05.01.002
BADD_A01442,17.08.01.032;24.01.04.010
BADD_A01444,24.01.01.003
BADD_A01447,19.04.02.005
BADD_A01449,19.04.02.015
BADD_A01450,22.01.02.002
BADD_A01462,17.13.02.001
BADD_A01473,05.09.01.001
BADD_A01487,16.12.02.001;21.07.02.002
BADD_A01489,21.07.01.001
BADD_A01493,21.07.01.004
BADD_A01495,06.04.05.009;11.01.06.003
BADD_A01498,07.08.03.002
BADD_A01502,07.08.03.003
BADD_A01503,07.08.01.007;24.07.02.006
BADD_A01504,19.07.04.001;20.02.02.003
BADD_A01510,13.01.06.004
BADD_A01511,01.02.04.001
BADD_A01513,01.02.04.003;22.01.01.004
BADD_A01519,11.01.19.005;21.09.02.001
BADD_A01522,17.12.03.002
BADD_A01528,22.04.03.001;24.07.01.005
BADD_A01531,19.08.04.002;21.03.01.004
BADD_A01533,07.01.02.003
BADD_A01535,23.03.06.001
BADD_A01540,10.01.03.015;23.03.01.003
BADD_A01541,10.02.01.020;23.07.02.001
BADD_A01542,06.04.04.003;23.03.06.006
BADD_A01551,24.08.02.008
BADD_A01554,19.04.02.006
BADD_A01560,05.02.02.002;06.09.04.001
BADD_A01561,15.02.04.005
BADD_A01568,17.01.02.007
BADD_A01569,02.03.02.003
BADD_A01570,08.01.03.008
BADD_A01575,06.04.05.001
BADD_A01576,06.08.03.001
BADD_A01580,06.07.02.001;12.02.02.012;24.07.05.002
BADD_A01581,06.04.05.007;11.01.06.001
BADD_A01585,06.04.05.002
BADD_A01586,06.04.05.003
BADD_A01589,06.08.03.002
BADD_A01590,06.08.03.003
BADD_A01593,06.04.04.004;10.01.05.001;23.04.01.003
BADD_A01594,06.05.01.002;17.17.02.004
BADD_A01597,08.01.07.003;10.01.05.002;23.04.01.004
BADD_A01600,08.01.08.012
BADD_A01601,17.04.03.008
BADD_A01608,07.01.03.002
BADD_A01609,07.01.03.003
BADD_A01613,14.03.02.008;18.04.01.003;19.07.05.001
BADD_A01614,12.01.08.002
BADD_A01626,08.01.01.002
BADD_A01627,19.06.03.001
BADD_A01630,01.02.03.002;08.05.02.004
BADD_A01631,08.01.09.014
BADD_A01632,08.01.09.008
BADD_A01633,08.01.09.015
BADD_A01634,08.01.09.009
BADD_A01635,08.01.09.016
BADD_A01636,19.15.02.006
BADD_A01654,16.14.01.003;21.05.04.018
BADD_A01656,08.03.01.001
BADD_A01658,15.03.02.001
BADD_A01660,08.01.08.007;15.03.04.003;20.02.03.006
BADD_A01661,19.04.01.004
BADD_A01662,07.01.04.002
BADD_A01668,14.05.06.002;20.01.02.003
BADD_A01671,08.01.03.025;23.06.05.003;24.03.01.002
BADD_A01677,18.03.02.003
BADD_A01679,11.02.01.053;23.11.04.003
BADD_A01681,10.01.01.012
BADD_A01682,08.06.03.002
BADD_A01685,07.11.01.007;11.07.02.001;12.03.01.024
BADD_A01692,17.02.06.018;19.10.04.002
BADD_A01693,12.04.02.001;15.08.02.001
BADD_A01695,07.02.04.002
BADD_A01699,11.03.05.001
BADD_A01702,11.03.05.002;23.11.03.006
BADD_A01704,11.02.05.008;23.11.02.009
BADD_A01705,08.01.02.002;15.03.05.013;17.02.05.016
BADD_A01707,05.03.04.002;21.05.02.002
BADD_A01709,09.03.02.001
BADD_A01717,13.03.04.024
BADD_A01718,11.02.01.003;23.06.06.001;24.04.05.003
BADD_A01723,07.21.02.001;16.13.03.001
BADD_A01726,07.12.01.001;24.07.02.007
BADD_A01729,07.04.03.001;12.02.03.007
BADD_A01730,07.20.01.003;16.05.03.001
BADD_A01731,07.04.03.002
BADD_A01732,07.04.03.005;24.07.02.003
BADD_A01736,07.08.02.001
BADD_A01738,07.04.03.003
BADD_A01739,07.08.02.002;24.07.02.008
BADD_A01741,07.02.02.003
BADD_A01744,07.19.03.001;11.01.07.004
BADD_A01756,07.21.03.001;16.13.04.001
BADD_A01758,07.11.01.001
BADD_A01764,07.12.02.001;24.07.02.009
BADD_A01775,07.15.01.003;24.04.08.006
BADD_A01788,07.01.05.005
BADD_A01789,07.04.04.001
BADD_A01808,19.06.01.004
BADD_A01809,08.01.07.004;14.05.06.007
BADD_A01810,17.12.01.002
BADD_A01812,11.03.03.002;21.10.03.001
BADD_A01815,21.10.01.009;23.03.13.016
BADD_A01823,05.06.01.008;14.06.01.008;18.02.04.001
BADD_A01827,07.09.07.001;24.07.02.010
BADD_A01829,07.09.13.004
BADD_A01832,07.09.13.008
BADD_A01833,07.09.13.010
BADD_A01835,07.09.13.013
BADD_A01836,07.09.10.002;11.01.04.013
BADD_A01837,06.03.01.002
BADD_A01842,16.30.02.002;17.20.02.002
BADD_A01847,10.02.01.006;20.05.01.001
BADD_A01854,07.14.01.001
BADD_A01855,07.14.02.001
BADD_A01858,13.02.02.004
BADD_A01859,05.06.02.001;14.06.02.001
BADD_A01863,20.02.01.005
BADD_A01867,05.02.01.001;14.11.01.008
BADD_A01871,14.09.01.001;15.01.06.001
BADD_A01874,10.02.01.027;12.02.09.001
BADD_A01878,01.02.03.003
BADD_A01880,08.01.05.001;23.03.15.001
BADD_A01885,02.05.04.014;08.01.07.005
BADD_A01888,15.03.02.004
BADD_A01890,10.04.10.005;11.07.01.001;17.09.01.001
BADD_A01895,05.05.02.003;21.05.04.003
BADD_A01897,16.02.01.002;24.03.06.004
BADD_A01900,12.04.03.001;15.01.01.004;24.07.01.046
BADD_A01901,07.12.02.002;24.07.02.011
BADD_A01902,07.12.02.003;24.07.02.012
BADD_A01904,13.01.05.001
BADD_A01912,24.07.01.001
BADD_A01915,20.02.01.006;21.10.01.018;24.07.01.047
BADD_A01916,13.13.02.002
BADD_A01920,13.01.05.018
BADD_A01922,13.01.05.003
BADD_A01930,01.06.04.002
BADD_A01933,01.06.03.002
BADD_A01934,01.06.02.001;20.01.03.011
BADD_A01936,02.11.04.009;22.02.03.004;24.07.01.006
BADD_A01938,17.08.01.008;24.07.04.003
BADD_A01940,23.06.07.002;24.07.06.010
BADD_A01943,01.01.03.004;24.07.01.021
BADD_A01944,17.08.01.011;24.07.04.014
BADD_A01945,07.15.03.001;24.10.02.002
BADD_A01946,12.01.18.005;22.05.02.001;24.07.01.008
BADD_A01948,23.02.06.001
BADD_A01949,23.02.06.003
BADD_A01950,23.02.06.006
BADD_A01951,23.02.06.004
BADD_A01952,19.10.04.003
BADD_A01953,19.10.04.004
BADD_A01955,19.10.04.007
BADD_A01956,19.10.04.008
BADD_A01959,08.01.09.018
BADD_A01963,17.02.05.027
BADD_A01965,17.14.01.001
BADD_A01977,13.14.04.002
BADD_A01978,13.14.04.003
BADD_A01986,06.02.07.004;17.17.01.012
BADD_A01987,17.01.04.001
BADD_A01988,17.01.04.002
BADD_A01989,01.01.04.001;10.02.02.004;23.06.01.002;24.07.06.003
BADD_A01995,09.01.04.001
BADD_A01997,09.01.08.008;16.06.02.001
BADD_A01999,09.01.03.006;17.13.01.003
BADD_A02001,09.01.03.002
BADD_A02003,09.01.04.002;24.08.06.002
BADD_A02005,09.01.02.001
BADD_A02009,09.01.07.002
BADD_A02010,09.04.03.001;16.07.03.001
BADD_A02013,09.01.05.005
BADD_A02014,09.01.07.003;14.08.04.005
BADD_A02019,09.01.07.004
BADD_A02021,09.01.07.005
BADD_A02027,09.01.01.002
BADD_A02030,09.01.07.007;11.07.01.003
BADD_A02032,09.01.07.017;12.03.01.016
BADD_A02048,09.01.07.008
BADD_A02049,09.01.05.001
BADD_A02051,09.01.03.007;20.01.03.012
BADD_A02052,01.09.03.001;09.01.05.002
BADD_A02053,09.01.07.009;12.03.01.008
BADD_A02055,08.01.04.001
BADD_A02059,11.05.02.001;23.11.05.004
BADD_A02063,11.05.02.008
BADD_A02064,11.05.02.003;17.09.03.026;23.11.05.005
BADD_A02066,07.16.01.001;22.09.02.004
BADD_A02067,07.01.06.009;22.12.01.001
BADD_A02068,23.02.03.013
BADD_A02072,13.12.01.003
BADD_A02076,05.05.01.005;23.02.04.001
BADD_A02083,01.16.01.001;16.31.01.001
BADD_A02094,19.05.01.003
BADD_A02097,08.01.09.003;14.03.02.012
BADD_A02099,17.07.01.001
BADD_A02101,20.01.05.001
BADD_A02104,04.02.02.001;17.04.03.003
BADD_A02106,24.03.02.002
BADD_A02107,17.02.06.004;23.03.03.080
BADD_A02108,09.01.02.002;14.10.01.001
BADD_A02109,01.06.04.003;09.01.01.003;14.11.01.010
BADD_A02110,05.04.01.002;14.04.01.003
BADD_A02113,14.01.04.001;22.02.02.002
BADD_A02115,07.11.03.001
BADD_A02116,14.08.01.001
BADD_A02121,05.06.02.002;14.06.02.002
BADD_A02123,08.01.03.028;23.02.03.004
BADD_A02124,14.05.03.001
BADD_A02126,23.01.01.001
BADD_A02127,17.01.02.008
BADD_A02128,14.01.01.006
BADD_A02131,14.05.04.001
BADD_A02134,05.04.01.001;14.04.01.020
BADD_A02137,07.01.06.018;14.03.01.007;19.09.01.005
BADD_A02138,14.04.03.007
BADD_A02140,08.03.04.008
BADD_A02141,05.03.01.002
BADD_A02143,08.05.02.002
BADD_A02144,17.02.01.002
BADD_A02145,10.01.03.003
BADD_A02146,01.01.04.008;10.02.02.017;23.06.02.005;24.12.04.013
BADD_A02147,17.15.01.001;19.02.05.001
BADD_A02149,24.08.02.001
BADD_A02152,24.08.01.001
BADD_A02154,02.11.02.001;24.08.05.002
BADD_A02155,08.05.01.001;12.05.01.002
BADD_A02157,05.02.02.001;14.11.01.011
BADD_A02158,15.05.04.007;17.05.02.001
BADD_A02159,17.10.01.003;20.03.03.003
BADD_A02161,23.02.04.002
BADD_A02162,14.08.02.001
BADD_A02167,14.09.01.003
BADD_A02168,19.01.02.004;22.02.01.006
BADD_A02172,02.05.04.019;14.05.06.003
BADD_A02176,17.02.06.023;23.03.03.081
BADD_A02178,09.01.02.003;14.10.01.002
BADD_A02180,14.04.01.004
BADD_A02182,14.05.08.003
BADD_A02184,01.03.02.004
BADD_A02186,10.03.02.007
BADD_A02187,07.14.03.002;17.02.07.004
BADD_A02189,05.06.03.001;14.06.03.001
BADD_A02190,05.06.03.006;14.06.03.006;18.04.06.003
BADD_A02191,05.06.03.004;14.06.03.004;17.02.09.005
BADD_A02194,08.01.03.029;23.02.03.005
BADD_A02195,14.05.03.002
BADD_A02197,17.01.02.009
BADD_A02199,14.04.02.001
BADD_A02200,19.16.02.001
BADD_A02202,14.05.04.002
BADD_A02205,14.04.03.001
BADD_A02207,05.03.02.001
BADD_A02209,22.02.01.021
BADD_A02210,09.01.02.004;14.10.01.003
BADD_A02213,17.02.01.003
BADD_A02216,24.06.03.002
BADD_A02221,08.05.01.003;12.05.03.001
BADD_A02222,05.02.03.001;14.11.01.012
BADD_A02223,15.05.04.008;17.05.02.002
BADD_A02224,15.05.04.012;17.05.02.010;18.04.01.006
BADD_A02229,22.02.01.007
BADD_A02230,14.12.01.001
BADD_A02231,14.05.05.002
BADD_A02232,24.06.02.017
BADD_A02233,22.02.02.003
BADD_A02238,10.02.01.034;22.01.02.014
BADD_A02239,06.05.02.011;17.04.02.003
BADD_A02242,07.13.01.001
BADD_A02243,07.02.05.001
BADD_A02244,19.10.05.006
BADD_A02248,10.02.01.001
BADD_A02259,07.02.02.004
BADD_A02260,08.03.02.001
BADD_A02267,19.04.01.005
BADD_A02276,17.02.08.002;19.10.03.006
BADD_A02278,07.01.06.011;17.05.01.006;20.02.02.004
BADD_A02279,08.01.09.027;14.03.01.003
BADD_A02283,01.01.03.005;23.06.01.009;24.07.06.012
BADD_A02285,11.01.08.002
BADD_A02307,21.03.02.001
BADD_A02311,07.08.01.016
BADD_A02314,11.05.03.001;22.07.02.001
BADD_A02315,08.01.03.010
BADD_A02317,23.02.05.011
BADD_A02318,07.16.02.001
BADD_A02321,17.15.03.005;19.02.01.005
BADD_A02325,08.02.03.042;12.07.03.042;23.03.11.015;24.07.06.017
BADD_A02328,08.02.03.001;12.07.03.001;23.03.06.015
BADD_A02329,08.02.03.002;12.07.03.002
BADD_A02332,08.02.03.004;12.07.03.004;24.07.01.009
BADD_A02333,08.02.03.005;12.07.03.005;24.07.01.010
BADD_A02336,08.02.03.007;12.07.03.007
BADD_A02338,08.02.03.008;12.07.03.009
BADD_A02339,08.02.03.027;12.07.03.027
BADD_A02340,08.02.03.009;12.07.03.010
BADD_A02341,08.02.03.020;12.07.03.020
BADD_A02343,08.02.03.010;12.07.03.011
BADD_A02346,08.02.03.013;12.07.03.014;23.03.12.007
BADD_A02347,08.02.03.032;12.07.03.032;23.03.13.010
BADD_A02348,08.02.03.014;12.07.03.015
BADD_A02352,08.02.03.029;10.01.06.003;12.07.03.029;23.04.02.003
BADD_A02353,08.02.03.051;12.07.03.051;23.03.01.024
BADD_A02354,08.02.03.036;12.07.03.036
BADD_A02356,12.01.08.004
BADD_A02362,17.15.03.002;19.02.01.002
BADD_A02363,08.02.01.008;12.07.01.008
BADD_A02367,05.06.02.003;14.06.02.003
BADD_A02371,12.01.08.036;19.12.01.002
BADD_A02373,24.04.03.001
BADD_A02377,13.01.02.008
BADD_A02378,10.02.01.033;22.01.02.003
BADD_A02387,07.15.02.001;24.04.08.001
BADD_A02388,07.13.01.002
BADD_A02389,07.04.06.002
BADD_A02390,07.13.01.003
BADD_A02391,07.04.06.003
BADD_A02392,17.08.06.001;24.02.04.001
BADD_A02393,17.07.02.002
BADD_A02395,13.07.04.002
BADD_A02397,17.08.01.017;24.07.04.008
BADD_A02402,06.04.03.001
BADD_A02408,06.04.03.002;10.02.01.022
BADD_A02411,14.13.02.002
BADD_A02413,01.03.01.002;14.13.02.001
BADD_A02415,08.01.03.011;19.04.02.013
BADD_A02416,07.02.04.003;19.24.01.003
BADD_A02418,09.01.07.018;24.04.07.004
BADD_A02422,01.06.04.004;09.01.01.004;23.03.03.030
BADD_A02423,09.01.01.005
BADD_A02425,01.06.04.006;09.01.01.008;18.04.08.001
BADD_A02431,15.01.02.005
BADD_A02434,15.01.02.003
BADD_A02435,15.01.02.004
BADD_A02437,11.05.17.001;16.33.02.001
BADD_A02441,06.04.02.002
BADD_A02444,06.06.03.007
BADD_A02446,14.01.01.008
BADD_A02448,14.01.01.001
BADD_A02460,13.18.01.001
BADD_A02462,04.04.03.001;11.01.05.002
BADD_A02467,06.08.02.010
BADD_A02468,06.08.02.004
BADD_A02470,14.01.01.002
BADD_A02471,07.17.01.003;14.02.02.001
BADD_A02474,07.04.06.004
BADD_A02475,07.04.06.005;12.02.03.005
BADD_A02482,10.01.05.003;22.04.02.001;23.04.01.005
BADD_A02483,22.12.03.010
BADD_A02486,11.01.13.001;22.07.03.001
BADD_A02487,22.04.02.002
BADD_A02492,02.05.02.001
BADD_A02500,06.06.01.003
BADD_A02504,08.01.01.008;17.02.04.003;19.04.04.004
BADD_A02505,01.10.03.001;16.01.03.001
BADD_A02517,01.02.01.002
BADD_A02519,23.05.02.001
BADD_A02520,17.13.02.003
BADD_A02521,01.02.02.001
BADD_A02524,19.08.03.001;21.03.02.005
BADD_A02525,19.08.03.002;21.03.02.007
BADD_A02526,23.03.08.001
BADD_A02532,12.01.07.008;15.07.02.004
BADD_A02537,10.04.02.006;23.03.01.015
BADD_A02542,07.06.01.003
BADD_A02543,07.05.04.004;10.01.05.004;23.04.01.006
BADD_A02544,07.05.05.029
BADD_A02545,07.05.04.005;10.01.05.005;23.04.01.007
BADD_A02547,13.05.01.003
BADD_A02555,14.08.04.006;23.07.01.001
BADD_A02557,15.09.01.001;16.18.01.001
BADD_A02561,08.01.01.012;19.04.04.003
BADD_A02562,23.06.05.001;24.03.04.003
BADD_A02564,09.01.08.001
BADD_A02566,13.03.04.030
BADD_A02571,08.01.03.012
BADD_A02575,17.02.08.006;19.19.02.001
BADD_A02576,02.03.01.017
BADD_A02578,17.02.04.004
BADD_A02580,19.08.03.003
BADD_A02589,11.01.09.002;22.07.01.002
BADD_A02599,22.01.02.010
BADD_A02600,22.02.07.001
BADD_A02602,22.01.02.004
BADD_A02607,01.09.01.001
BADD_A02608,01.09.01.002
BADD_A02615,13.01.06.006
BADD_A02618,01.02.01.003
BADD_A02619,01.09.01.006;24.09.01.001
BADD_A02622,01.12.01.001;16.20.01.001
BADD_A02629,01.02.02.002
BADD_A02631,01.07.02.003
BADD_A02632,06.09.03.001
BADD_A02633,06.04.06.005
BADD_A02634,23.03.03.037
BADD_A02635,06.09.03.007
BADD_A02637,07.17.01.001;14.02.01.004
BADD_A02640,08.01.01.003
BADD_A02651,16.03.01.001;23.08.01.001
BADD_A02660,19.16.02.002
BADD_A02663,14.03.02.013
BADD_A02667,08.03.05.003
BADD_A02668,07.01.06.016;15.03.05.022;17.05.03.006
BADD_A02669,11.01.02.001;21.05.03.002
BADD_A02693,07.02.05.002
BADD_A02695,07.12.02.004;24.07.02.013
BADD_A02696,16.26.01.007;23.10.01.007
BADD_A02700,17.03.02.003;19.20.01.003
BADD_A02705,16.30.01.005;17.20.01.005
BADD_A02708,17.02.05.007
BADD_A02709,11.01.03.001;17.06.03.001
BADD_A02710,11.01.03.002;17.06.03.002
BADD_A02728,21.02.02.002
BADD_A02729,26.03.01.001
BADD_A02731,21.01.01.004
BADD_A02733,05.05.01.010;21.01.02.003
BADD_A02734,05.05.01.008;21.01.01.005
BADD_A02737,26.01.01.001
BADD_A02740,17.03.03.002;19.21.02.003
BADD_A02742,07.15.02.008;24.01.08.003
BADD_A02749,14.01.01.003
BADD_A02751,14.01.02.004
BADD_A02759,09.04.02.004;16.22.02.001
BADD_A02760,16.22.02.002;22.08.01.005
BADD_A02762,15.09.03.007;16.22.02.007
BADD_A02765,16.03.01.002;23.08.01.002
BADD_A02767,01.05.01.002
BADD_A02774,01.03.02.008
BADD_A02776,20.02.02.005
BADD_A02777,20.02.02.006
BADD_A02780,17.15.03.003;19.02.01.003
BADD_A02781,17.14.02.001;24.03.05.003
BADD_A02783,17.14.02.002;24.03.05.005
BADD_A02785,23.02.03.014
BADD_A02787,06.05.03.003;17.02.11.002
BADD_A02830,02.07.01.002
BADD_A02840,01.02.01.004
BADD_A02843,17.01.04.011
BADD_A02844,17.01.04.003
BADD_A02847,19.04.02.007
BADD_A02850,19.04.03.001
BADD_A02852,04.04.01.001;17.02.12.001
BADD_A02856,07.05.02.001;24.07.02.014
BADD_A02857,07.05.06.004
BADD_A02858,17.01.02.010
BADD_A02862,08.01.06.001
BADD_A02864,08.01.06.002
BADD_A02865,08.01.06.003
BADD_A02867,07.01.03.006
BADD_A02869,10.01.03.030
BADD_A02872,12.04.02.009;15.08.02.005
BADD_A02874,10.04.10.008;17.16.01.001
BADD_A02876,15.05.03.003;17.05.03.004
BADD_A02877,15.05.03.008;17.05.03.001
BADD_A02878,15.05.03.014
BADD_A02880,12.01.07.016;15.05.03.017;24.07.01.037
BADD_A02887,15.05.04.001;17.05.02.005
BADD_A02889,15.05.03.004
BADD_A02890,15.05.04.011;17.05.03.007
BADD_A02893,15.05.03.005
BADD_A02894,15.05.06.001;17.05.03.005
BADD_A02905,15.03.04.007
BADD_A02911,17.02.08.007;19.19.01.001
BADD_A02912,15.05.02.001
BADD_A02913,10.04.05.001;15.05.08.001;17.05.04.001
BADD_A02922,06.05.03.004;17.02.11.003
BADD_A02925,10.04.10.006;17.06.02.002
BADD_A02926,01.10.04.001;16.01.04.001
BADD_A02928,01.13.03.005;16.21.03.001
BADD_A02931,17.10.01.007
BADD_A02935,02.02.02.007;24.04.04.009
BADD_A02936,02.02.02.008;24.04.04.010
BADD_A02939,02.04.03.001
BADD_A02940,17.02.05.008
BADD_A02942,02.04.02.006;15.05.03.009;20.02.01.010
BADD_A02946,15.05.05.001
BADD_A02948,06.02.04.002
BADD_A02949,15.05.01.001
BADD_A02952,23.02.05.001
BADD_A02954,23.02.05.002
BADD_A02963,22.04.04.001
BADD_A02965,22.04.03.002
BADD_A02967,22.12.03.013
BADD_A02968,22.04.03.012
BADD_A02970,16.38.01.001;22.04.03.010
BADD_A02976,22.04.03.011
BADD_A02978,11.01.13.002;22.07.03.002
BADD_A02979,07.01.07.001
BADD_A02981,15.03.04.009
BADD_A02982,08.03.03.001;24.04.02.006
BADD_A03004,16.16.02.001
BADD_A03005,16.16.01.001
BADD_A03007,16.03.02.003;23.08.02.003
BADD_A03017,20.05.02.001
BADD_A03021,20.04.01.002
BADD_A03024,20.05.03.001
BADD_A03025,12.03.01.010;20.05.03.002
BADD_A03027,20.05.01.002
BADD_A03028,12.01.12.001;17.09.02.002
BADD_A03030,17.02.10.001
BADD_A03036,19.06.02.003
BADD_A03037,17.02.07.005
BADD_A03038,17.09.03.001
BADD_A03043,17.10.01.002;20.03.03.001
BADD_A03044,08.05.01.005;12.03.01.003;15.05.04.015;17.05.02.003
BADD_A03063,17.09.03.003
BADD_A03064,19.06.01.001
BADD_A03065,12.03.01.011;17.02.10.002
BADD_A03067,01.02.03.004
BADD_A03069,13.01.06.046
BADD_A03070,13.01.06.010
BADD_A03073,01.02.01.005
BADD_A03075,06.02.10.010;14.12.03.001
BADD_A03076,08.01.03.031;23.02.03.006
BADD_A03077,19.02.03.003
BADD_A03079,21.05.05.009
BADD_A03083,20.02.03.001
BADD_A03084,02.03.03.020
BADD_A03085,02.03.03.021
BADD_A03092,01.17.01.001;16.35.01.001
BADD_A03098,08.01.03.040
BADD_A03100,01.03.02.005
BADD_A03102,06.05.02.006;17.02.02.006
BADD_A03103,14.03.02.009
BADD_A03104,10.02.01.096;12.02.09.036;22.03.01.012
BADD_A03105,19.06.05.001
BADD_A03106,19.06.05.002
BADD_A03113,06.04.05.004
BADD_A03114,06.03.01.003
BADD_A03125,06.05.02.002;17.01.03.002
BADD_A03128,07.01.06.036
BADD_A03129,08.01.07.006;14.05.06.010
BADD_A03130,21.10.01.011
BADD_A03131,07.05.04.001;10.01.05.006;23.04.01.008
BADD_A03134,02.05.04.007;08.01.07.007;14.05.06.011
BADD_A03138,07.21.06.001;16.13.06.001
BADD_A03141,07.12.01.002;24.07.02.021
BADD_A03146,07.01.05.012
BADD_A03147,07.04.05.001
BADD_A03148,07.02.04.004
BADD_A03149,07.13.02.001
BADD_A03151,07.04.05.002
BADD_A03154,07.12.01.003;09.01.06.004;24.07.02.022
BADD_A03155,07.08.05.001
BADD_A03159,18.05.01.001
BADD_A03160,05.05.01.011;21.01.02.004
BADD_A03161,21.03.03.005
BADD_A03162,20.01.03.004
BADD_A03163,17.01.05.004
BADD_A03165,23.02.05.004
BADD_A03170,06.05.02.003;17.17.02.005
BADD_A03171,17.01.03.005
BADD_A03172,11.01.08.007
BADD_A03173,06.09.02.001
BADD_A03175,06.07.03.001;17.04.05.006;24.04.10.001
BADD_A03182,06.04.08.002;10.02.01.097;17.04.05.001
BADD_A03185,07.05.07.001;11.03.03.004
BADD_A03189,07.05.05.001
BADD_A03191,07.05.05.017
BADD_A03193,07.05.05.018
BADD_A03195,07.05.05.034
BADD_A03206,19.08.01.004;21.03.02.013
BADD_A03210,07.05.04.002;10.01.05.014;22.04.05.005;23.04.01.013
BADD_A03211,02.11.05.010;22.02.01.020
BADD_A03212,17.05.01.020;24.06.03.004
BADD_A03214,15.01.04.001
BADD_A03219,14.04.04.001;15.02.03.001;20.01.01.002
BADD_A03220,11.01.01.001;15.02.05.001
BADD_A03221,15.02.04.007;24.04.05.004
BADD_A03222,14.04.04.002;15.02.03.002
BADD_A03228,04.01.02.001;11.01.05.003
BADD_A03229,04.05.01.001;11.01.05.004
BADD_A03234,04.03.01.004;12.03.01.012
BADD_A03237,16.12.04.001;21.11.01.003
BADD_A03239,16.04.03.001;21.11.01.002
BADD_A03240,21.11.02.004
BADD_A03247,12.11.01.002
BADD_A03251,08.01.08.004
BADD_A03253,15.03.04.010
BADD_A03254,15.02.01.003
BADD_A03255,23.03.03.003
BADD_A03256,22.12.02.011
BADD_A03258,08.01.03.032;23.03.03.031;24.03.04.001
BADD_A03260,17.02.07.009;23.03.05.009
BADD_A03261,02.11.04.012
BADD_A03262,07.21.09.002;16.13.10.001
BADD_A03263,07.18.02.001
BADD_A03269,07.18.01.001
BADD_A03271,07.18.01.002
BADD_A03272,07.18.01.007
BADD_A03274,07.18.01.004
BADD_A03275,01.03.03.003
BADD_A03276,19.06.04.001
BADD_A03277,19.06.04.002
BADD_A03278,19.06.04.003
BADD_A03280,10.01.03.024;23.07.02.002
BADD_A03281,06.04.05.005
BADD_A03285,06.09.02.002;17.07.02.004;24.03.07.001
BADD_A03288,23.03.03.038
BADD_A03292,17.02.06.005;23.03.03.094
BADD_A03295,17.01.04.004
BADD_A03298,19.05.01.005
BADD_A03299,17.01.04.006
BADD_A03300,17.01.04.007
BADD_A03309,17.01.04.008
BADD_A03311,17.01.05.003
BADD_A03313,17.04.04.002;22.04.03.007
BADD_A03315,07.06.03.001
BADD_A03323,12.04.02.006;15.08.02.008;16.32.03.007
BADD_A03334,07.01.06.012;20.02.03.007;21.10.01.001
BADD_A03336,10.04.02.002;23.03.01.004
BADD_A03337,10.04.02.003;23.03.01.005
BADD_A03342,21.12.01.001
BADD_A03343,07.04.07.001
BADD_A03348,15.01.08.005
BADD_A03351,02.06.01.002
BADD_A03352,02.06.01.003;24.07.01.013
BADD_A03353,02.06.02.001
BADD_A03361,06.08.03.017;10.01.05.010;23.04.01.002
BADD_A03365,08.01.09.010;23.06.04.008;24.04.03.006
BADD_A03367,24.04.03.002
BADD_A03368,17.09.03.004
BADD_A03373,17.09.03.005
BADD_A03374,24.03.01.003
BADD_A03384,07.19.05.004;11.01.07.007
BADD_A03386,17.09.02.003
BADD_A03390,17.02.05.019;19.05.01.006
BADD_A03391,19.05.02.002
BADD_A03398,01.01.03.002;23.06.01.003;24.07.06.004
BADD_A03399,17.12.04.001
BADD_A03400,21.12.01.002
BADD_A03406,10.01.05.016;22.04.05.003;23.04.01.016
BADD_A03408,07.05.07.004;11.01.13.003;22.07.03.004
BADD_A03412,12.02.01.002;24.12.03.004
BADD_A03414,19.06.03.002
BADD_A03417,06.01.01.004;17.17.02.006
BADD_A03418,06.02.06.004;17.17.01.006
BADD_A03419,23.03.09.003
BADD_A03425,23.02.06.005
BADD_A03438,15.03.03.002
BADD_A03440,01.14.02.004;16.23.02.004
BADD_A03443,01.14.02.002;16.23.02.002
BADD_A03449,13.01.04.011
BADD_A03451,13.01.04.001
BADD_A03453,01.08.03.001
BADD_A03461,22.05.02.002
BADD_A03465,22.05.01.001
BADD_A03466,22.12.01.007
BADD_A03470,11.01.09.003;22.07.01.003
BADD_A03472,11.01.09.019;22.07.01.015
BADD_A03482,22.01.01.006
BADD_A03483,22.05.02.003
BADD_A03490,20.02.02.007
BADD_A03492,15.01.01.005
BADD_A03494,01.07.01.001
BADD_A03498,05.03.03.002;14.05.02.001
BADD_A03500,18.05.01.002
BADD_A03503,10.04.05.003;15.06.01.001
BADD_A03505,17.09.03.012
BADD_A03508,20.02.03.002
BADD_A03509,24.04.03.013
BADD_A03513,09.01.06.006;24.08.06.001
BADD_A03515,09.01.06.007;24.01.03.003
BADD_A03524,15.03.05.029;17.02.05.033
BADD_A03526,18.02.03.002;20.01.08.002;24.08.07.002
BADD_A03527,08.01.03.043
BADD_A03528,18.08.02.004
BADD_A03535,18.04.02.001
BADD_A03536,18.07.01.006
BADD_A03538,18.07.01.002
BADD_A03540,18.07.01.003
BADD_A03541,18.02.01.004;24.07.03.019
BADD_A03542,17.14.01.019;19.04.02.009;21.01.01.007
BADD_A03545,02.11.04.013;17.02.05.009;24.06.02.010
BADD_A03546,21.03.01.005;24.04.12.007
BADD_A03549,02.02.02.019;24.04.04.015
BADD_A03551,07.03.02.001
BADD_A03552,07.08.04.001
BADD_A03556,22.02.03.005
BADD_A03562,16.25.01.002;21.04.02.004
BADD_A03566,21.04.01.001
BADD_A03573,21.09.01.001
BADD_A03584,20.02.01.011
BADD_A03587,13.01.02.010
BADD_A03588,13.01.02.011
BADD_A03592,13.01.02.012
BADD_A03599,07.14.02.002;17.02.05.037
BADD_A03600,23.03.04.017
BADD_A03601,23.03.12.001
BADD_A03602,21.10.01.002;23.03.12.008
BADD_A03606,01.09.01.016
BADD_A03607,07.19.01.003;11.02.02.002
BADD_A03610,10.02.01.036;23.03.14.002
BADD_A03611,10.02.01.031;15.01.10.001;23.03.14.005
BADD_A03619,17.01.02.011;19.11.02.003
BADD_A03620,19.15.02.002
BADD_A03622,19.03.01.003
BADD_A03627,22.01.02.005;24.07.01.015
BADD_A03629,02.05.02.002;22.01.03.002;24.03.08.001
BADD_A03630,22.06.02.001;24.01.06.001
BADD_A03632,01.02.04.006;22.01.01.009
BADD_A03633,22.01.02.006
BADD_A03636,22.12.01.009;24.07.01.016
BADD_A03637,22.06.01.001;24.08.03.002
BADD_A03640,22.06.02.002;24.04.09.001
BADD_A03643,02.05.02.003;22.01.03.003
BADD_A03645,22.06.02.003;24.01.06.002
BADD_A03660,06.04.02.003
BADD_A03664,06.05.03.009;17.02.11.007
BADD_A03668,01.01.04.003;23.06.01.004;24.07.06.005
BADD_A03674,10.02.01.102;23.03.14.006
BADD_A03675,11.01.14.002;20.01.09.001
BADD_A03680,10.04.02.009;16.32.03.005;23.07.03.001
BADD_A03683,08.05.02.003
BADD_A03684,11.01.08.043;20.08.02.016
BADD_A03685,17.01.04.013
BADD_A03691,17.10.01.005
BADD_A03693,22.12.01.011
BADD_A03695,23.03.13.001
BADD_A03696,23.03.13.029
BADD_A03699,23.03.13.003
BADD_A03700,23.03.13.004
BADD_A03701,23.03.13.005
BADD_A03702,23.03.13.017
BADD_A03703,23.03.13.030
BADD_A03704,11.01.12.002;23.03.10.003
BADD_A03706,23.03.13.009
BADD_A03708,24.04.03.003
BADD_A03709,08.06.02.009
BADD_A03710,07.21.05.002;16.13.01.003
BADD_A03711,07.12.03.001;24.07.02.018
BADD_A03719,13.01.05.007
BADD_A03727,06.02.04.004
BADD_A03741,16.08.02.001;20.01.04.002
BADD_A03742,20.02.03.010
BADD_A03744,16.27.01.001;20.01.04.001
BADD_A03745,20.01.02.002
BADD_A03749,20.01.03.005
BADD_A03756,20.01.07.008;24.01.11.004
BADD_A03763,20.02.03.003
BADD_A03768,14.01.01.005;20.05.03.003
BADD_A03769,20.05.03.004
BADD_A03770,20.01.07.003
BADD_A03799,22.02.01.041
BADD_A03801,14.01.04.002;22.02.02.004
BADD_A03803,14.01.05.001;22.02.02.005
BADD_A03807,22.02.01.009
BADD_A03808,17.02.05.047;22.02.01.010
BADD_A03810,22.02.07.002
BADD_A03812,22.02.01.012
BADD_A03813,14.01.04.003;22.02.06.002
BADD_A03825,17.02.05.021;19.11.02.002
BADD_A03828,07.01.07.002
BADD_A03839,06.10.01.005;24.01.07.003
BADD_A03842,06.09.03.002
BADD_A03845,06.09.03.003;12.01.04.004
BADD_A03846,06.08.03.005
BADD_A03851,06.10.01.001;24.07.05.003
BADD_A03854,06.04.06.007;24.03.07.006
BADD_A03858,06.09.03.010;12.01.04.014
BADD_A03862,06.10.01.010;24.01.07.006
BADD_A03863,06.10.01.003;24.01.07.002
BADD_A03867,06.10.02.001;24.03.07.003
BADD_A03873,07.07.03.003;10.02.01.026;20.06.01.006
BADD_A03874,07.07.02.002;12.01.17.018;24.07.01.017
BADD_A03877,15.05.05.002
BADD_A03878,10.04.06.001;15.01.03.001
BADD_A03882,11.01.13.004;22.07.03.006
BADD_A03883,10.01.04.003;22.04.04.003
BADD_A03887,22.12.03.021
BADD_A03888,22.12.01.013
BADD_A03892,02.05.03.002
BADD_A03896,23.02.08.001
BADD_A03898,12.01.07.018;15.01.08.002
BADD_A03909,07.06.03.002
BADD_A03914,07.06.01.009
BADD_A03918,10.02.06.001
BADD_A03920,15.09.03.002;16.33.01.002
BADD_A03923,23.03.03.004
BADD_A03928,19.03.04.001
BADD_A03932,15.10.01.001;17.10.03.001
BADD_A03937,06.04.07.002;10.02.01.025
BADD_A03938,10.04.07.001;15.06.01.002;23.03.02.005
BADD_A03940,15.10.04.001
BADD_A03942,08.01.03.099;19.04.02.020
BADD_A03944,21.12.02.001
BADD_A03949,23.02.07.001
BADD_A03950,23.03.04.018
BADD_A03952,16.16.01.014
BADD_A03953,05.03.04.012;14.11.01.014
BADD_A03955,17.02.04.005
BADD_A03956,17.12.03.001
BADD_A03963,08.01.09.020
BADD_A03966,17.02.07.006
BADD_A03967,17.02.07.007
BADD_A03968,11.01.11.003
BADD_A03972,11.01.11.004;24.06.02.011
BADD_A03974,12.03.01.041;15.05.04.016;17.05.02.004
BADD_A03979,10.01.03.004;12.02.08.004
BADD_A03980,08.01.03.003;10.01.03.005
BADD_A03985,19.08.05.002;21.03.02.003
BADD_A03990,24.06.02.002
BADD_A03993,07.06.04.002;11.01.04.002
BADD_A03995,01.04.02.001
BADD_A04000,02.03.01.010
BADD_A04001,02.03.03.007
BADD_A04002,02.03.03.008
BADD_A04003,02.03.03.009
BADD_A04004,22.04.06.001
BADD_A04006,17.14.01.002;22.12.03.022
BADD_A04007,02.03.03.010
BADD_A04008,11.01.13.005;22.07.03.007
BADD_A04010,06.08.02.011;07.06.01.010;10.04.04.009;15.06.01.015
BADD_A04027,23.01.05.001
BADD_A04028,16.03.02.002;23.08.02.002
BADD_A04029,23.05.02.002
BADD_A04030,23.03.03.005
BADD_A04031,23.03.03.006
BADD_A04032,23.03.03.007
BADD_A04035,23.07.03.002
BADD_A04036,23.03.07.003
BADD_A04037,23.03.03.008
BADD_A04040,23.05.01.003
BADD_A04042,23.01.04.002
BADD_A04043,23.05.02.003
BADD_A04045,11.01.12.003;23.11.04.007
BADD_A04047,23.03.04.009
BADD_A04048,23.03.03.010
BADD_A04050,23.03.03.011
BADD_A04055,23.03.03.012
BADD_A04056,11.05.07.001;16.26.01.002;23.10.01.002
BADD_A04058,10.01.03.019;23.03.03.013
BADD_A04059,23.01.05.002
BADD_A04061,23.07.03.003;24.04.03.007
BADD_A04063,23.03.03.014
BADD_A04069,17.15.05.001;19.02.05.002;22.02.01.013
BADD_A04071,19.02.04.001
BADD_A04080,17.15.02.006;19.02.03.008
BADD_A04081,08.01.01.004
BADD_A04083,16.19.08.003;22.08.01.013
BADD_A04084,07.13.06.001
BADD_A04085,07.04.06.006
BADD_A04089,22.12.03.024
BADD_A04090,22.12.03.025
BADD_A04091,19.05.01.007
BADD_A04103,17.15.02.004;19.02.03.006
BADD_A04104,17.02.04.006;19.02.05.003
BADD_A04111,17.02.08.003;19.19.02.002;22.12.03.027
BADD_A04126,17.10.01.006
BADD_A04130,15.01.04.003
BADD_A04132,01.09.02.003
BADD_A04136,01.09.02.004;24.04.08.024
BADD_A04138,01.09.02.001
BADD_A04141,22.02.03.010
BADD_A04142,22.02.03.007
BADD_A04143,16.16.01.002
BADD_A04145,16.03.02.005;23.08.02.005
BADD_A04148,19.01.01.003
BADD_A04150,17.12.03.005
BADD_A04151,07.17.01.002
BADD_A04155,10.01.01.045;11.07.01.005;12.03.01.014;23.03.01.007
BADD_A04156,08.04.01.006;18.01.02.002
BADD_A04157,07.05.06.005
BADD_A04160,06.05.02.004;17.17.01.009
BADD_A04161,20.02.02.017
BADD_A04164,19.06.02.004
BADD_A04169,22.04.02.003
BADD_A04179,17.02.04.007;19.02.05.004
BADD_A04181,12.01.10.011;17.08.01.010;24.07.04.004
BADD_A04187,12.01.10.003;17.08.05.002;24.07.04.005
BADD_A04190,02.03.04.013;08.04.01.003
BADD_A04193,22.12.02.014
BADD_A04195,19.12.01.003
BADD_A04198,19.12.01.004
BADD_A04200,12.05.02.001;23.03.09.007
BADD_A04201,11.01.08.009
BADD_A04207,02.03.03.011
BADD_A04208,02.03.03.012
BADD_A04209,25.01.02.003
BADD_A04216,08.01.03.015
BADD_A04217,08.01.03.100;10.01.05.018;23.04.01.018
BADD_A04218,07.14.02.003;10.01.05.015;23.04.01.014
BADD_A04220,02.11.04.015;17.02.04.008;24.06.02.012
BADD_A04222,15.04.02.002;16.18.01.004
BADD_A04223,15.04.02.001
BADD_A04225,10.04.03.004;15.06.02.003;23.03.02.006
BADD_A04229,02.03.02.007
BADD_A04232,22.02.01.014
BADD_A04234,17.01.02.012
BADD_A04236,19.15.02.005
BADD_A04238,23.06.03.001;24.03.03.003
BADD_A04242,08.01.08.005
BADD_A04246,12.01.07.019;15.07.01.002
BADD_A04248,12.01.07.003;15.07.01.008
BADD_A04249,12.01.07.007;15.07.01.003
BADD_A04250,15.07.01.004
BADD_A04251,19.06.02.005
BADD_A04252,17.14.01.004;19.24.01.009
BADD_A04259,21.13.01.005
BADD_A04260,21.13.01.003
BADD_A04262,05.04.02.003;14.04.01.005;15.05.03.013
BADD_A04266,08.06.01.016
BADD_A04268,08.06.01.001
BADD_A04270,17.02.05.023;19.10.03.001
BADD_A04272,08.01.09.021;14.03.02.007
BADD_A04276,07.05.05.037;22.12.03.029
BADD_A04277,19.01.02.005;22.12.03.031
BADD_A04278,01.08.01.002
BADD_A04280,01.08.01.003;23.06.01.007
BADD_A04281,01.08.02.001
BADD_A04282,24.01.02.001
BADD_A04284,24.01.01.006
BADD_A04286,01.01.02.006;20.01.07.004;24.01.01.013
BADD_A04288,01.08.01.005;23.06.01.011;24.07.06.014
BADD_A04292,05.02.01.002
BADD_A04300,05.02.05.002;16.24.01.002
BADD_A04304,05.02.04.001
BADD_A04311,17.02.05.024;19.11.04.001
BADD_A04316,04.04.01.002;17.04.07.004
BADD_A04318,07.14.02.014
BADD_A04319,07.14.02.011
BADD_A04321,07.14.02.006
BADD_A04322,07.14.01.002
BADD_A04327,07.14.02.007;10.01.05.008;23.04.01.009
BADD_A04331,07.14.01.003
BADD_A04332,17.12.03.011
BADD_A04334,11.01.13.006;22.07.03.008
BADD_A04335,07.09.01.003;11.01.04.003
BADD_A04338,07.09.02.001
BADD_A04339,07.09.05.001
BADD_A04346,07.09.09.001;12.01.17.026
BADD_A04351,07.09.06.001
BADD_A04352,02.03.04.005
BADD_A04353,15.05.04.003;17.01.03.003
BADD_A04358,12.03.01.027;17.13.01.004
BADD_A04359,10.01.01.006;11.07.01.006;12.03.01.015;23.03.01.008
BADD_A04368,11.01.09.020;22.07.01.016
BADD_A04373,17.08.04.001;24.04.06.005
BADD_A04375,10.02.03.002;12.02.05.022
BADD_A04380,17.01.06.002
BADD_A04388,02.07.05.001
BADD_A04390,17.04.08.001
BADD_A04394,15.05.04.004;17.01.03.004
BADD_A04401,14.05.01.004;16.32.03.002
BADD_A04402,16.32.03.003
BADD_A04403,06.02.07.005;17.17.01.013
BADD_A04405,04.05.04.001;12.01.14.001
BADD_A04407,10.01.03.006
BADD_A04410,08.03.06.001
BADD_A04414,07.16.03.001
BADD_A04416,18.08.01.001
BADD_A04417,17.02.05.031
BADD_A04419,07.12.02.006;24.07.02.024
BADD_A04424,11.01.13.009;22.07.03.011
BADD_A04433,20.06.01.005
BADD_A04435,20.07.01.002
BADD_A04442,11.01.14.008;20.07.02.001
BADD_A04446,20.02.02.009
BADD_A04447,17.05.01.008;20.02.02.010
BADD_A04448,20.02.02.011
BADD_A04449,20.08.01.001
BADD_A04450,11.01.14.004;20.08.02.001
BADD_A04460,20.02.01.013
BADD_A04463,20.02.02.012
BADD_A04469,10.01.06.001;23.04.02.001
BADD_A04475,16.12.05.001;21.07.02.003
BADD_A04476,21.07.01.006
BADD_A04478,21.07.01.005;24.07.03.004
BADD_A04482,16.04.02.001;21.07.02.004
BADD_A04496,06.04.03.003;10.02.01.023
BADD_A04498,21.08.02.002
BADD_A04500,21.08.01.001;24.07.03.005
BADD_A04501,11.01.10.002;21.14.02.002
BADD_A04513,24.10.04.001
BADD_A04529,24.03.02.026
BADD_A04531,01.01.04.007;23.06.01.008;24.07.06.011
BADD_A04537,10.02.02.006;24.12.04.027
BADD_A04540,10.02.02.008;24.12.04.029
BADD_A04541,23.06.05.007;24.04.03.008
BADD_A04542,23.06.05.006;24.03.02.003
BADD_A04545,24.04.02.002
BADD_A04547,24.03.02.015
BADD_A04550,09.01.06.002;12.02.09.039;24.04.07.002
BADD_A04557,24.01.01.008
BADD_A04558,02.03.04.006
BADD_A04560,02.03.04.007
BADD_A04561,02.03.04.008
BADD_A04563,02.04.02.012
BADD_A04565,02.03.04.010
BADD_A04568,04.04.01.003;17.02.12.002
BADD_A04570,04.04.01.005;17.02.12.004
BADD_A04572,04.04.02.001;17.02.02.008
BADD_A04576,11.05.04.001
BADD_A04587,06.02.06.007;17.17.01.010
BADD_A04589,06.02.10.012;17.17.01.011
BADD_A04594,06.02.07.003;17.17.01.001
BADD_A04597,06.02.10.013
BADD_A04604,14.12.02.004
BADD_A04607,14.12.03.003
BADD_A04611,06.05.02.009;17.04.02.002
BADD_A04612,10.04.02.004;23.05.02.004
BADD_A04613,06.09.01.002;12.01.04.005
BADD_A04615,06.09.01.005
BADD_A04616,06.10.03.001;24.07.05.005
BADD_A04619,17.04.06.002;22.04.01.002
BADD_A04622,07.13.01.012
BADD_A04623,07.01.07.003
BADD_A04624,07.01.07.012
BADD_A04629,11.03.03.005;21.14.02.003
BADD_A04631,21.08.02.005
BADD_A04635,21.08.02.003
BADD_A04637,11.01.10.003;21.14.02.005
BADD_A04648,13.15.01.005
BADD_A04649,14.03.02.018
BADD_A04650,13.15.01.006
BADD_A04652,22.03.01.009
BADD_A04657,13.01.06.012
BADD_A04658,13.01.06.013
BADD_A04663,08.06.02.012;19.07.06.023
BADD_A04665,11.01.08.010;12.01.08.012
BADD_A04670,06.02.05.002
BADD_A04672,06.06.03.008;14.12.03.002
BADD_A04673,08.01.03.016
BADD_A04674,22.12.03.037
BADD_A04676,08.01.03.046;09.01.01.009;23.03.03.042
BADD_A04680,19.07.01.001
BADD_A04681,07.07.01.008
BADD_A04682,20.05.02.002
BADD_A04684,08.01.03.030;15.03.05.023;17.02.05.018
BADD_A04685,17.16.01.003
BADD_A04686,15.05.02.002
BADD_A04690,14.08.04.002
BADD_A04695,15.03.05.025
BADD_A04698,02.11.01.009;12.03.01.007
BADD_A04702,02.11.01.017;24.01.05.003
BADD_A04706,02.02.01.004;12.02.01.035;24.02.02.001
BADD_A04707,08.02.05.008;12.07.05.009;23.03.06.016
BADD_A04717,15.01.02.006
BADD_A04723,24.03.02.017
BADD_A04727,23.03.03.017
BADD_A04730,08.01.03.017
BADD_A04733,10.01.01.034;11.07.01.018;12.03.01.005;23.03.10.002
BADD_A04737,04.02.01.011
BADD_A04739,14.03.02.017
BADD_A04743,02.04.01.004;24.04.04.019
BADD_A04745,04.02.01.006
BADD_A04748,23.02.05.005
BADD_A04752,06.04.01.013;10.01.04.001;22.04.04.008
BADD_A04753,08.01.03.042
BADD_A04755,08.02.01.009;12.07.01.009;23.03.01.009
BADD_A04756,08.02.01.011;12.07.01.011;23.03.03.024
BADD_A04760,06.09.03.013;12.03.01.036
BADD_A04762,08.06.01.014
BADD_A04763,02.05.04.015;08.01.03.053
BADD_A04765,02.05.04.006;08.01.07.011;14.05.06.009
BADD_A04766,12.01.10.010;17.07.02.003
BADD_A04767,17.08.01.012;24.04.06.008
BADD_A04773,20.02.02.013
BADD_A04779,14.03.02.002
BADD_A04784,05.02.04.002;10.04.08.006
BADD_A04785,07.05.01.004
BADD_A04786,08.04.01.004;17.02.03.003
BADD_A04794,14.04.04.004;15.02.03.003
BADD_A04795,07.04.05.003
BADD_A04798,19.04.02.008
BADD_A04806,13.01.03.001
BADD_A04808,17.02.10.005;19.22.01.002
BADD_A04818,23.02.05.006
BADD_A04820,14.08.04.008;23.07.01.003
BADD_A04828,07.05.01.007;23.03.01.016
BADD_A04830,02.03.04.016;08.04.01.008
BADD_A04832,08.01.03.018
BADD_A04834,02.03.02.008
BADD_A04845,07.12.03.004;24.07.02.029
BADD_A04846,15.05.03.006
BADD_A04853,19.05.01.008
BADD_A04854,17.01.04.012
BADD_A04856,02.04.02.011
BADD_A04862,16.32.03.008;24.07.01.028
BADD_A04867,02.03.02.015
BADD_A04868,14.05.05.003;24.06.02.014
BADD_A04869,02.04.02.014
BADD_A04877,15.05.03.007
BADD_A04880,08.01.03.081;17.02.02.007
BADD_A04892,19.05.01.014
BADD_A04896,02.03.04.015;08.04.01.007
BADD_A04897,08.06.01.002
BADD_A04898,17.03.03.004;19.10.03.002
BADD_A04901,16.19.02.003;22.08.01.004
BADD_A04917,22.09.03.004
BADD_A04926,08.01.03.089;15.03.05.011;17.02.02.012
BADD_A04928,15.10.01.004
BADD_A04938,07.13.01.004
BADD_A04944,02.04.02.013
BADD_A04947,13.14.02.003
BADD_A04948,10.04.03.003;15.06.02.004;23.03.02.004
BADD_A04949,12.01.06.001;15.03.05.007;23.03.11.002;24.07.06.001
BADD_A04951,23.03.03.018
BADD_A04968,15.03.04.012;22.09.01.001
BADD_A04974,07.12.03.011;24.07.02.030
BADD_A04982,24.01.02.003
BADD_A04985,12.02.05.004;24.07.01.014
BADD_A04986,17.08.01.016;24.04.06.009
BADD_A04988,02.05.01.004;22.02.06.004
BADD_A04989,08.02.02.002;12.07.02.002;24.07.01.003
BADD_A04992,06.01.01.006
BADD_A04996,24.06.01.007
BADD_A05001,19.12.01.007
BADD_A05003,17.12.03.006
BADD_A05010,06.06.04.010;23.02.02.004
BADD_A05011,07.02.03.005
BADD_A05019,17.04.03.002
BADD_A05023,17.02.10.011
BADD_A05025,08.01.03.036
BADD_A05036,08.01.05.005;10.02.01.008;24.06.03.008
BADD_A05037,16.16.01.005
BADD_A05041,21.04.01.002
BADD_A05042,22.12.03.020
BADD_A05043,07.19.02.008;11.05.04.012
BADD_A05046,08.02.03.038;12.07.03.038;23.03.03.046
BADD_A05048,07.20.01.010;16.05.02.006
BADD_A05050,02.02.02.015;24.04.04.011
BADD_A05051,07.08.01.013
BADD_A05053,06.04.01.004
BADD_A05054,06.08.03.007;23.03.12.005
BADD_A05055,07.21.03.003;16.22.02.008
BADD_A05062,23.03.03.019
BADD_A05078,10.02.01.010
BADD_A05081,05.06.02.007;14.06.02.007;24.08.02.014
BADD_A05084,24.03.02.006
BADD_A05088,07.02.02.005
BADD_A05095,06.04.04.005;23.03.03.029
BADD_A05098,04.03.01.010
BADD_A05099,04.03.01.005
BADD_A05100,04.03.01.011
BADD_A05101,06.08.03.013
BADD_A05102,06.04.05.006
BADD_A05103,06.08.03.008
BADD_A05115,22.02.07.003
BADD_A05116,22.12.03.033
BADD_A05124,01.09.01.003
BADD_A05128,02.04.02.022
BADD_A05137,22.12.03.012
BADD_A05138,22.12.03.018
BADD_A05147,07.12.03.003;24.07.02.026
BADD_A05150,07.01.06.026;09.01.05.006
BADD_A05151,04.02.01.007
BADD_A05198,08.06.01.003
BADD_A05199,08.06.01.024
BADD_A05207,02.03.02.012
BADD_A05210,07.05.05.002
BADD_A05213,12.01.12.002;17.02.10.007
BADD_A05215,15.03.05.027
BADD_A05225,13.13.02.006
BADD_A05227,07.01.02.004
BADD_A05228,15.03.04.001
BADD_A05229,08.01.03.041
BADD_A05243,05.03.03.001;14.05.07.001
BADD_A05247,01.03.03.007;08.05.02.005
BADD_A05248,23.03.03.039
BADD_A05256,17.12.03.008
BADD_A05257,08.02.01.027;12.07.01.027
BADD_A05258,08.02.03.017;12.07.03.018
BADD_A05259,08.01.03.019
BADD_A05266,08.02.05.014;12.07.05.002
BADD_A05270,08.02.05.002;12.07.05.003
BADD_A05280,10.01.03.022
BADD_A05286,24.04.02.015
BADD_A05297,05.03.02.007;14.03.02.031;15.03.05.016
BADD_A05309,17.08.01.014;24.07.04.006
BADD_A05320,19.15.02.003
BADD_A05323,08.03.05.002
BADD_A05327,19.04.01.001
BADD_A05334,08.02.03.018;12.07.03.019
BADD_A05341,17.02.06.009;23.03.03.021
BADD_A05342,07.15.03.002;24.10.02.001
BADD_A05356,13.03.04.036
BADD_A05358,17.02.10.017
BADD_A05362,17.02.08.010;19.19.03.005
BADD_A05364,08.02.05.005;12.07.05.006
BADD_A05389,08.04.01.011;18.01.02.003
BADD_A05391,24.07.01.002
BADD_A05392,20.02.03.005;24.07.01.007
BADD_A05393,21.02.01.002;24.07.03.002
BADD_A05394,07.15.05.001;09.01.06.009;24.10.02.004
BADD_A05405,14.05.10.001
BADD_A05407,07.01.03.004
BADD_A05408,22.02.07.004
BADD_A05418,14.03.01.009;19.09.01.010
BADD_A05422,10.04.03.007;15.06.02.007;23.03.02.008
BADD_A05425,21.08.02.004;23.03.12.009
BADD_A05431,06.05.02.014;17.02.05.044
BADD_A05448,07.08.01.011
BADD_A05449,07.01.03.007
BADD_A05453,07.11.01.043
BADD_A05454,08.01.09.022
BADD_A05455,07.03.03.001;15.05.03.011
BADD_A05458,20.02.01.020
BADD_A05492,07.05.05.003;17.02.06.021
BADD_A05493,07.05.05.035;17.02.06.008
BADD_A05516,16.10.01.004;21.05.01.011
BADD_A05517,19.06.01.002
BADD_A05518,19.16.01.003
BADD_A05519,17.03.03.003;19.21.02.001
BADD_A05530,19.15.01.003
BADD_A05535,08.02.03.034;12.07.03.034;23.07.04.009
BADD_A05540,10.01.01.008;12.03.01.073;23.03.05.003
BADD_A05544,16.32.03.004
BADD_A05554,14.11.01.001
BADD_A05556,14.08.04.015
BADD_A05559,01.06.04.007;06.08.03.009;09.01.01.007
BADD_A05562,02.03.04.020
BADD_A05565,06.04.06.010;12.02.02.005
BADD_A05571,08.03.04.007
BADD_A05573,17.02.03.006
BADD_A05576,05.05.04.002;21.03.02.010
BADD_A05583,16.19.02.001;22.08.01.001
BADD_A05585,15.05.04.005;17.05.02.006
BADD_A05597,23.03.14.004
BADD_A05598,23.06.04.001
BADD_A05603,25.03.01.001
BADD_A05622,05.02.01.003
BADD_A05623,25.16.01.001
BADD_A05624,15.05.03.012;17.02.07.008
BADD_A05625,19.08.04.003
BADD_A05628,01.03.03.010
BADD_A05634,08.02.01.030;12.07.01.030;23.03.03.023
BADD_A05639,07.08.03.006;12.03.01.019
BADD_A05643,02.04.02.005
BADD_A05651,03.01.01.002;06.08.03.011
BADD_A05652,07.12.03.005;24.07.02.031
BADD_A05660,24.03.02.007
BADD_A05661,16.22.02.004;17.02.10.013
BADD_A05662,23.03.03.035
BADD_A05666,24.04.03.012
BADD_A05676,12.03.01.020;23.03.03.032
BADD_A05677,13.04.02.004
BADD_A05694,08.06.01.005
BADD_A05698,13.13.03.002
BADD_A05702,13.06.01.003
BADD_A05711,08.01.03.020
BADD_A05716,13.03.04.028
BADD_A05717,08.01.03.027;21.02.02.001;24.03.01.005
BADD_A05723,12.02.06.001;23.03.07.005
BADD_A05725,17.02.05.010
BADD_A05726,16.25.01.001;21.04.02.002
BADD_A05737,17.01.05.006
BADD_A05744,08.06.01.010
BADD_A05748,11.02.01.005
BADD_A05752,07.16.06.005
BADD_A05753,14.03.01.004;19.09.01.002
BADD_A05765,20.03.01.002
BADD_A05768,16.30.01.003;17.20.01.003
BADD_A05770,21.05.04.004
BADD_A05772,02.11.01.003
BADD_A05778,10.04.04.026;15.06.01.006
BADD_A05784,13.14.05.014
BADD_A05790,06.05.02.008;17.02.05.025
BADD_A05791,06.08.03.010;23.03.03.028
BADD_A05793,06.11.01.006;12.03.01.031
BADD_A05796,14.03.02.003;19.09.01.003
BADD_A05800,18.03.02.001
BADD_A05804,24.01.01.009
BADD_A05806,07.02.03.001
BADD_A05814,01.05.01.007;12.03.01.025
BADD_A05820,19.18.01.002
BADD_A05821,24.04.02.017
BADD_A05822,11.09.01.001;23.11.01.002
BADD_A05823,08.01.05.007;10.02.01.089
BADD_A05824,19.08.03.004;21.03.02.006
BADD_A05826,15.03.04.014
BADD_A05832,15.10.01.002
BADD_A05833,07.12.02.008;12.01.17.011;24.07.02.035
BADD_A05836,24.04.02.004
BADD_A05837,17.08.01.018;24.04.06.010
BADD_A05838,15.02.04.009
BADD_A05840,18.06.02.003;21.05.02.004
BADD_A05844,14.03.02.004
BADD_A05846,22.09.03.001
BADD_A05848,19.07.01.002
BADD_A05851,16.16.01.007
BADD_A05852,15.05.06.006;17.01.02.031
BADD_A05861,16.16.02.005
BADD_A05863,07.11.02.001
BADD_A05864,06.02.08.001;17.04.05.004
BADD_A05865,06.02.08.002;17.04.05.005
BADD_A05869,17.12.03.010
BADD_A05876,12.03.01.004
BADD_A05877,03.08.01.006;09.01.10.004;14.14.01.006
BADD_A05881,17.10.01.010
BADD_A05882,15.02.04.023
BADD_A05883,15.01.09.002
BADD_A05885,04.02.01.009
BADD_A05886,05.03.04.013;08.05.01.004
BADD_A05887,08.06.01.015
BADD_A05891,02.07.02.001
BADD_A05892,24.01.02.009
BADD_A05894,01.02.05.002
BADD_A05895,19.01.01.001
BADD_A05900,08.01.09.028;14.03.01.005
BADD_A05901,25.04.01.001
BADD_A05907,06.08.01.004
BADD_A05909,08.01.09.012
BADD_A05910,07.04.04.002
BADD_A05911,19.08.04.001;21.03.01.007
BADD_A05917,19.01.02.001
BADD_A05922,12.01.05.001;20.01.03.015
BADD_A05923,16.08.03.001;20.01.04.004
BADD_A05925,18.04.09.002;22.11.01.002
BADD_A05930,08.01.03.049
BADD_A05931,15.10.01.003
BADD_A05933,04.04.02.002
BADD_A05934,06.08.02.005
BADD_A05936,08.01.06.010;16.02.02.005
BADD_A05941,17.01.05.010
BADD_A05942,05.03.05.003;16.37.02.001
BADD_A05943,01.07.02.006
BADD_A05944,08.01.09.002
BADD_A05945,20.08.01.004
BADD_A05946,08.03.06.003;24.07.01.040
BADD_A05950,01.05.01.004
BADD_A05951,02.03.02.021
BADD_A05955,10.03.02.002
BADD_A05961,19.23.01.001
BADD_A05962,08.06.01.009
BADD_A05967,10.04.04.003
BADD_A05968,17.05.01.009
BADD_A05972,15.02.04.016
BADD_A05973,01.05.01.006
BADD_A05989,08.01.03.038
BADD_A05990,08.01.03.050
BADD_A05991,07.04.04.008
BADD_A05992,08.06.01.013
BADD_A06002,16.16.02.004
BADD_A06004,16.19.01.001;22.08.01.002
BADD_A06005,08.01.03.023
BADD_A06006,22.03.01.011
BADD_A06018,19.03.01.002
BADD_A06019,13.19.01.001
BADD_A06020,12.03.01.013;22.01.02.007
BADD_A06022,14.02.01.005
BADD_A06025,07.13.01.005
BADD_A06036,09.01.08.005
BADD_A06037,09.01.08.003
BADD_A06043,10.03.02.001
BADD_A06047,16.19.04.001;22.08.01.006
BADD_A06050,14.08.03.001
BADD_A06052,07.13.03.003
BADD_A06054,23.05.03.001
BADD_A06056,20.01.02.007
BADD_A06069,24.03.02.016
BADD_A06071,14.11.01.013;17.13.01.001
BADD_A06072,16.22.01.001
BADD_A06076,22.04.03.004
BADD_A06082,13.13.02.008
BADD_A06083,20.01.03.010
BADD_A06084,22.04.06.002
BADD_A06095,14.08.04.009;23.07.01.005
BADD_A06107,11.01.08.017;22.07.07.001
BADD_A06108,08.01.03.051
BADD_A06109,08.01.08.006;22.12.02.009
BADD_A06110,01.08.01.004;10.02.01.007;24.01.01.020
BADD_A06111,17.15.04.002;19.02.05.005
BADD_A06113,22.12.01.002
BADD_A06120,15.03.05.024
BADD_A06121,24.04.03.010
BADD_A06122,24.04.02.021
BADD_A06133,13.03.04.026
BADD_A06135,01.01.03.003;24.07.01.020
BADD_A06136,22.12.03.007
BADD_A06142,20.07.02.002
BADD_A06151,01.02.03.010;07.08.01.014
BADD_A06155,17.04.03.010
BADD_A06156,08.01.03.052
BADD_A06157,20.03.02.001
BADD_A06161,06.09.01.006
BADD_A06183,07.02.03.003
BADD_A06195,07.04.05.004
BADD_A06200,07.01.06.010;14.03.01.006;19.09.01.004
BADD_A06208,17.03.05.003;19.22.02.002
BADD_A06218,23.01.01.004
BADD_A06225,07.08.03.007
BADD_A06230,23.06.07.001;24.07.01.103
BADD_A06252,23.03.07.006
BADD_A06256,15.02.04.010;24.04.05.005
BADD_A06266,08.02.05.007;12.07.05.008
BADD_A06267,13.15.01.008
BADD_A06271,20.01.03.017
BADD_A06273,08.01.08.009;12.02.05.007
BADD_A06274,11.03.05.004;21.14.02.004
BADD_A06275,22.06.01.002;24.08.03.003
BADD_A06281,17.01.06.006
BADD_A06282,12.01.06.010;23.03.11.018
BADD_A06283,06.04.02.004;10.02.01.021
BADD_A06289,08.06.02.014;10.02.01.043
BADD_A06292,08.02.01.038;12.07.01.038;23.03.11.013
BADD_A06316,01.03.03.005
BADD_A06326,19.12.01.006
BADD_A06328,07.09.05.009
BADD_A06332,15.02.04.020
BADD_A06341,15.03.02.002;24.04.02.007
BADD_A06354,02.11.01.011;24.06.03.005
BADD_A06366,22.03.01.016
BADD_A06370,19.07.06.018
BADD_A06377,01.03.03.012
BADD_A06381,19.08.03.005
BADD_A06382,15.07.01.009
BADD_A06388,05.02.05.001;16.24.03.001
BADD_A06392,09.01.07.015
BADD_A06402,08.06.01.017
BADD_A06414,09.01.07.022;12.01.17.012
BADD_A06416,07.05.07.002;11.05.02.005
BADD_A06418,07.01.07.004
BADD_A06429,14.10.01.006;17.13.01.005
BADD_A06430,22.04.05.007
BADD_A06434,19.01.02.010
BADD_A06439,22.01.02.008
BADD_A06442,08.06.01.018
BADD_A06445,18.04.02.003
BADD_A06449,05.06.01.010;10.04.08.007;14.06.01.010
BADD_A06450,05.06.01.003;14.06.01.003
BADD_A06452,07.05.01.005
BADD_A06454,21.08.02.007
BADD_A06456,07.01.01.002
BADD_A06470,23.07.04.014
BADD_A06472,16.08.02.002;20.01.04.003
BADD_A06477,17.11.01.003;19.07.03.007
BADD_A06478,09.01.07.016
BADD_A06479,09.01.08.010;12.01.17.027
BADD_A06480,17.03.07.001;19.21.06.001
BADD_A06489,07.03.03.002
BADD_A06497,09.01.02.005
BADD_A06502,07.03.03.003
BADD_A06507,07.05.05.008;22.12.03.015
BADD_A06508,07.05.05.004;22.12.03.016
BADD_A06513,17.02.05.030
BADD_A06543,17.15.03.004;19.02.01.004
BADD_A06547,21.08.02.009
BADD_A06553,02.02.02.020;10.01.03.037;24.04.04.020
BADD_A06560,20.01.03.016
BADD_A06570,20.03.03.002
BADD_A06589,08.07.01.012;12.01.08.035
BADD_A06609,22.12.03.036
BADD_A06611,17.13.02.006;22.02.02.011;24.04.06.021
BADD_A06612,18.03.01.002
BADD_A06624,08.01.05.009;10.02.01.012
BADD_A06626,07.08.03.008
BADD_A06627,12.03.01.046
BADD_A06644,17.13.02.007
BADD_A06653,07.11.01.016
BADD_A06655,17.02.08.016;19.19.02.004
BADD_A06676,09.01.07.023;12.03.01.044
BADD_A06679,12.03.01.053;19.03.01.007
BADD_A06685,24.01.02.010
BADD_A06693,06.06.04.013
BADD_A06705,09.04.02.008;16.07.02.004
BADD_A06706,09.04.02.010;16.07.02.005
BADD_A06711,17.08.02.014;18.06.01.004;24.04.06.026
BADD_A06727,10.01.01.021;12.03.01.064;23.03.05.005
BADD_A06738,01.06.01.004;10.04.01.005
BADD_A06743,11.03.03.021
BADD_A06764,07.01.03.008
BADD_A06767,17.02.08.015;19.19.01.006
BADD_A06771,24.04.02.022
BADD_A06772,07.05.04.007;10.01.05.020;23.04.01.020
BADD_A06780,22.12.02.013
BADD_A06787,02.03.03.017
BADD_A06806,08.01.03.058
BADD_A06814,08.07.01.011
BADD_A06819,08.01.03.057
BADD_A06833,07.01.06.029;17.05.01.021
BADD_A06835,13.03.04.031
BADD_A06836,19.04.02.016
BADD_A06839,19.15.01.006
BADD_A06840,19.14.01.004
BADD_A06843,20.04.03.003
BADD_A06844,19.07.06.015
BADD_A06845,19.24.01.006
BADD_A06848,07.01.01.003
BADD_A06852,14.03.02.019
BADD_A06867,07.21.01.008;16.13.01.010
BADD_A06876,08.06.03.003
BADD_A06880,10.04.02.011;23.02.02.008
BADD_A06959,12.01.06.013;23.03.01.028
BADD_A06986,15.09.03.012;16.29.02.002
BADD_A06992,16.30.04.002;17.20.04.002
BADD_A06994,16.10.01.009;21.05.01.017
BADD_A07019,02.05.01.009
BADD_A07058,07.08.02.005;10.04.04.011;11.07.01.016
BADD_A07072,07.17.01.008;10.04.04.012;14.02.01.007
BADD_A07084,08.01.03.063
BADD_A07148,10.01.01.029;23.03.07.002
BADD_A07213,07.01.03.005
BADD_A07308,10.02.01.063;20.05.01.016
BADD_A07313,19.18.01.001
BADD_A07341,24.01.02.007
BADD_A07369,16.19.01.002;22.08.01.007
BADD_A07376,01.09.01.025;22.09.03.006
BADD_A07394,16.32.03.014;22.05.04.001
BADD_A07415,15.09.03.006;16.22.02.005
BADD_A07418,01.09.01.015;16.22.02.006
BADD_A07468,18.04.10.003;22.11.02.010
BADD_A07489,18.08.06.001
BADD_A07526,14.03.02.021
BADD_A07560,19.10.01.007
BADD_A07592,19.06.06.002
BADD_A07624,06.05.03.012;17.02.11.008
BADD_A07636,16.16.01.015
BADD_A07701,17.02.05.063
BADD_A07703,18.04.02.002
BADD_A07754,16.19.02.007;22.08.02.008
BADD_A07800,20.03.01.023;24.07.01.086
BADD_A07817,19.05.01.022
BADD_A07860,08.01.03.064
BADD_A07862,08.01.03.079
BADD_A07904,15.03.02.007
BADD_A07925,18.08.02.007
BADD_A08059,16.22.02.003;17.02.10.012
BADD_A08110,07.12.03.002;24.07.02.019
BADD_A08137,01.09.01.027;16.22.02.009;24.09.02.007
BADD_A08229,16.10.01.008;21.05.01.016
BADD_A08282,07.05.04.008
BADD_A08287,09.01.08.015
BADD_A08293,09.02.03.004
BADD_A08298,08.03.03.003;14.11.02.005
BADD_A08335,10.04.03.012;15.06.02.012;23.03.02.020
BADD_A08345,07.11.01.012
BADD_A08351,24.08.01.004
BADD_A08371,19.15.02.012
BADD_A08374,17.02.04.021;19.02.04.002
BADD_A08495,19.19.01.008
BADD_A08510,19.05.01.018
BADD_A08515,15.10.03.005
BADD_A08632,01.10.03.005;16.01.03.005
BADD_A08644,07.05.05.019;08.01.03.070;17.02.05.056
BADD_A08770,17.03.03.007;19.10.03.010
BADD_A08771,22.03.01.018
BADD_A08842,02.04.01.012;24.04.04.026
BADD_A08853,15.03.05.034
BADD_A08908,07.05.05.023
BADD_A08911,08.01.03.062
BADD_A08925,02.07.02.003
BADD_A08928,23.03.03.044
BADD_A09018,22.01.03.010
BADD_A09097,15.02.04.034
BADD_A09101,17.12.03.030
BADD_A09114,19.01.02.017
BADD_A09125,17.02.05.057
BADD_A09141,08.01.08.030;15.02.01.008;17.10.01.020
BADD_A09162,20.01.03.022;24.06.02.025
BADD_A09179,08.01.03.077
BADD_A09192,16.10.01.013;21.05.01.021
BADD_A09255,22.12.01.010
BADD_A09281,24.07.01.072
BADD_A09311,17.02.08.017;19.19.02.005
BADD_A09312,08.01.03.080
BADD_A09313,17.01.02.020
BADD_A09328,17.02.06.035;22.04.05.018
BADD_A09356,18.04.15.003;22.11.02.004
BADD_A09360,20.01.03.019
BADD_A09363,17.11.01.017
BADD_A09369,07.14.02.019
BADD_A09374,14.03.02.024;19.09.01.012
BADD_A09420,08.02.04.019;12.07.04.019
BADD_A09474,06.05.03.013;17.02.11.009
BADD_A09509,19.21.04.004
BADD_A09534,19.01.01.005
BADD_A09535,17.04.03.011
BADD_A09548,09.02.02.005
BADD_A09563,01.03.02.018;24.07.01.088
BADD_A09602,02.11.01.004
BADD_A09661,17.08.03.006;24.01.04.021
BADD_A09744,10.01.01.036
BADD_A09752,01.11.03.002;16.17.03.002;23.07.04.029
BADD_A09806,02.04.01.017
BADD_A09811,08.01.03.087
BADD_A09816,08.06.01.036
BADD_A09817,08.06.01.037;12.09.02.001
BADD_A09818,08.06.01.038;12.09.02.002
BADD_A09821,19.07.06.012
BADD_A09850,08.06.02.023;17.02.07.024
BADD_A09913,08.01.06.025;10.01.01.037;23.03.05.008
BADD_A09934,08.01.02.011;17.02.05.069
BADD_A09992,05.02.02.009;06.09.04.009;10.04.08.014
BADD_A10003,07.07.02.007;12.01.17.007;24.07.02.065
BADD_A10004,01.05.01.026;10.02.01.077;16.32.03.038
BADD_A10018,21.01.03.005
BADD_A10026,09.01.07.036
BADD_A10056,07.09.06.005
BADD_A10072,10.01.03.056;22.01.01.027
BADD_A10096,17.07.02.011
BADD_A10102,08.01.03.091
BADD_A10109,01.08.01.013;10.02.01.083
BADD_A10155,08.06.01.040;12.02.20.006
BADD_A10222,21.01.01.015
BADD_A10236,07.07.01.014;21.07.04.014
BADD_A10270,18.06.02.006;21.05.02.006
BADD_A10296,15.03.05.019
BADD_A10316,22.12.01.006
BADD_A10447,08.01.06.029
BADD_A10465,01.03.03.015
BADD_A10466,02.04.02.046
BADD_A10484,17.02.04.023;19.10.05.007
BADD_A10658,06.08.03.032;10.01.05.025;23.04.01.025
BADD_A10677,22.04.05.028
BADD_A10683,08.01.03.096
BADD_A10736,08.06.03.015
BADD_A10801,19.03.01.012
BADD_A10818,10.01.01.042
BADD_A10827,17.01.05.016;19.01.02.021
BADD_A10905,23.03.03.097
BADD_A10925,12.01.06.016;23.03.11.041
BADD_A10949,15.10.04.014;17.10.01.031
BADD_A10997,24.01.02.016
BADD_A11002,08.04.01.017;19.12.01.009
BADD_A11004,06.04.04.018;10.01.05.026;23.04.01.026
BADD_A11007,08.01.03.101
BADD_A11015,07.14.03.004;17.02.07.029
BADD_A11027,08.06.01.050
BADD_A11028,08.06.01.051
BADD_A11029,08.06.01.052
BADD_A11030,08.06.01.053
BADD_A11032,08.06.01.055
BADD_A11034,08.06.01.057
BADD_A11036,08.06.01.059
BADD_A11039,08.06.01.062
BADD_A11040,08.06.01.063
BADD_A11041,08.06.01.064
BADD_A11082,08.06.01.067;12.09.02.006
BADD_A11182,21.14.02.014
BADD_A11196,16.32.03.050;17.02.05.077;19.21.02.017
